skill,count,avg_score
A,10,6.3
B,10,6.1
D,10,6.2
E,8,6.625
F,9,5.888888888888889
G,10,6.1
K,10,6.3
M,10,6.2
N,9,6.222222222222222
S,8,6.125
